choices,feedback,value1,value2,role,trial,alpha,tau,scenario
0,0,0.5,0.5,hider,1,0.2,0.4,low_low
0,0,0.6000000000000001,0.4,hider,2,0.2,0.4,low_low
0,1,0.6800000000000002,0.32000000000000006,hider,3,0.2,0.4,low_low
1,1,0.5440000000000002,0.45600000000000007,hider,4,0.2,0.4,low_low
0,0,0.6352000000000002,0.36480000000000007,hider,5,0.2,0.4,low_low
1,1,0.7081600000000001,0.29184000000000004,hider,6,0.2,0.4,low_low
1,0,0.7665280000000001,0.23347200000000004,hider,7,0.2,0.4,low_low
1,0,0.6132224000000002,0.38677760000000005,hider,8,0.2,0.4,low_low
0,0,0.49057792000000017,0.50942208,hider,9,0.2,0.4,low_low
1,0,0.5924623360000001,0.407537664,hider,10,0.2,0.4,low_low
0,1,0.4739698688000001,0.5260301312,hider,11,0.2,0.4,low_low
0,0,0.3791758950400001,0.6208241049600001,hider,12,0.2,0.4,low_low
0,0,0.503340716032,0.4966592839680001,hider,13,0.2,0.4,low_low
1,0,0.6026725728256,0.39732742717440006,hider,14,0.2,0.4,low_low
1,1,0.48213805826048006,0.51786194173952,hider,15,0.2,0.4,low_low
0,1,0.585710446608384,0.41428955339161605,hider,16,0.2,0.4,low_low
1,1,0.4685683572867072,0.5314316427132928,hider,17,0.2,0.4,low_low
1,0,0.5748546858293657,0.4251453141706343,hider,18,0.2,0.4,low_low
1,0,0.4598837486634926,0.5401162513365074,hider,19,0.2,0.4,low_low
1,1,0.3679069989307941,0.632093001069206,hider,20,0.2,0.4,low_low
0,1,0.4943255991446353,0.5056744008553647,hider,21,0.2,0.4,low_low
1,0,0.39546047931570827,0.6045395206842918,hider,22,0.2,0.4,low_low
0,1,0.3163683834525666,0.6836316165474334,hider,23,0.2,0.4,low_low
0,0,0.2530947067620533,0.7469052932379467,hider,24,0.2,0.4,low_low
0,0,0.4024757654096427,0.5975242345903574,hider,25,0.2,0.4,low_low
0,0,0.5219806123277142,0.47801938767228597,hider,26,0.2,0.4,low_low
1,0,0.6175844898621714,0.3824155101378288,hider,27,0.2,0.4,low_low
1,0,0.49406759188973715,0.5059324081102631,hider,28,0.2,0.4,low_low
1,0,0.39525407351178976,0.6047459264882105,hider,29,0.2,0.4,low_low
0,0,0.31620325880943184,0.6837967411905683,hider,30,0.2,0.4,low_low
0,0,0.4529626070475455,0.5470373929524547,hider,31,0.2,0.4,low_low
0,0,0.5623700856380365,0.43762991436196375,hider,32,0.2,0.4,low_low
0,0,0.6498960685104291,0.35010393148957103,hider,33,0.2,0.4,low_low
1,1,0.7199168548083434,0.28008314519165683,hider,34,0.2,0.4,low_low
1,1,0.7759334838466747,0.22406651615332548,hider,35,0.2,0.4,low_low
1,1,0.8207467870773397,0.1792532129226604,hider,36,0.2,0.4,low_low
0,1,0.8565974296618719,0.1434025703381283,hider,37,0.2,0.4,low_low
0,1,0.6852779437294976,0.31472205627050265,hider,38,0.2,0.4,low_low
0,0,0.5482223549835981,0.45177764501640216,hider,39,0.2,0.4,low_low
0,1,0.6385778839868785,0.36142211601312174,hider,40,0.2,0.4,low_low
0,0,0.5108623071895029,0.4891376928104974,hider,41,0.2,0.4,low_low
1,0,0.6086898457516023,0.39131015424839793,hider,42,0.2,0.4,low_low
0,1,0.4869518766012819,0.5130481233987183,hider,43,0.2,0.4,low_low
1,1,0.38956150128102557,0.6104384987189746,hider,44,0.2,0.4,low_low
0,1,0.5116492010248205,0.4883507989751797,hider,45,0.2,0.4,low_low
1,1,0.4093193608198564,0.5906806391801438,hider,46,0.2,0.4,low_low
1,1,0.5274554886558851,0.47254451134411507,hider,47,0.2,0.4,low_low
1,1,0.6219643909247081,0.3780356090752921,hider,48,0.2,0.4,low_low
1,1,0.6975715127397666,0.3024284872602337,hider,49,0.2,0.4,low_low
1,1,0.7580572101918133,0.24194278980818695,hider,50,0.2,0.4,low_low
1,1,0.8064457681534507,0.19355423184654957,hider,51,0.2,0.4,low_low
0,0,0.8451566145227607,0.15484338547723966,hider,52,0.2,0.4,low_low
1,0,0.8761252916182085,0.12387470838179174,hider,53,0.2,0.4,low_low
0,1,0.7009002332945669,0.2990997667054334,hider,54,0.2,0.4,low_low
1,1,0.5607201866356535,0.43927981336434674,hider,55,0.2,0.4,low_low
1,0,0.6485761493085228,0.3514238506914774,hider,56,0.2,0.4,low_low
1,1,0.5188609194468182,0.48113908055318194,hider,57,0.2,0.4,low_low
0,0,0.6150887355574546,0.3849112644425456,hider,58,0.2,0.4,low_low
1,1,0.6920709884459637,0.3079290115540365,hider,59,0.2,0.4,low_low
0,1,0.75365679075677106,0.24634320924322922,hider,60,0.2,0.4,low_low
1,0,0.6029254326054169,0.3970745673945834,hider,61,0.2,0.4,low_low
1,0,0.4823403460843335,0.5176596539156668,hider,62,0.2,0.4,low_low
0,0,0.38587227686746683,0.6141277231325335,hider,63,0.2,0.4,low_low
0,1,0.5086978214939735,0.4913021785060268,hider,64,0.2,0.4,low_low
0,1,0.4069582571951788,0.5930417428048215,hider,65,0.2,0.4,low_low
0,1,0.32556660575614305,0.6744333942438572,hider,66,0.2,0.4,low_low
1,1,0.26045328460491446,0.7395467153950859,hider,67,0.2,0.4,low_low
1,0,0.4083626276839316,0.5916373723160687,hider,68,0.2,0.4,low_low
0,1,0.32669010214714533,0.673309897852855,hider,69,0.2,0.4,low_low
0,1,0.2613520817177163,0.738647918282284,hider,70,0.2,0.4,low_low
0,0,0.20908166537417305,0.7909183346258273,hider,71,0.2,0.4,low_low
1,0,0.36726533229933844,0.6327346677006619,hider,72,0.2,0.4,low_low
0,1,0.2938122658394708,0.7061877341605296,hider,73,0.2,0.4,low_low
0,0,0.23504981267157665,0.7649501873284237,hider,74,0.2,0.4,low_low
0,0,0.38803985013726133,0.611960149862739,hider,75,0.2,0.4,low_low
1,1,0.5104318801098091,0.48956811989019117,hider,76,0.2,0.4,low_low
1,0,0.6083455040878474,0.39165449591215296,hider,77,0.2,0.4,low_low
1,0,0.48667640327027795,0.5133235967297224,hider,78,0.2,0.4,low_low
0,1,0.3893411226162224,0.610658877383778,hider,79,0.2,0.4,low_low
1,1,0.31147289809297796,0.6885271019070225,hider,80,0.2,0.4,low_low
1,0,0.4491783184743824,0.5508216815256181,hider,81,0.2,0.4,low_low
1,1,0.35934265477950594,0.6406573452204944,hider,82,0.2,0.4,low_low
0,0,0.4874741238236048,0.5125258761763956,hider,83,0.2,0.4,low_low
1,1,0.5899792990588839,0.4100207009411165,hider,84,0.2,0.4,low_low
1,1,0.6719834392471071,0.3280165607528932,hider,85,0.2,0.4,low_low
1,0,0.7375867513976857,0.2624132486023146,hider,86,0.2,0.4,low_low
1,1,0.5900694011181485,0.4099305988818517,hider,87,0.2,0.4,low_low
1,1,0.6720555208945189,0.32794447910548136,hider,88,0.2,0.4,low_low
0,0,0.7376444167156151,0.2623555832843851,hider,89,0.2,0.4,low_low
1,0,0.7901155333724921,0.20988446662750807,hider,90,0.2,0.4,low_low
0,1,0.6320924266979937,0.36790757330200646,hider,91,0.2,0.4,low_low
0,0,0.5056739413583949,0.49432605864160517,hider,92,0.2,0.4,low_low
0,0,0.6045391530867159,0.39546084691328415,hider,93,0.2,0.4,low_low
0,0,0.6836313224693727,0.31636867753062736,hider,94,0.2,0.4,low_low
0,0,0.7469050579754983,0.2530949420245019,hider,95,0.2,0.4,low_low
1,1,0.7975240463803988,0.20247595361960152,hider,96,0.2,0.4,low_low
0,0,0.8380192371043191,0.16198076289568122,hider,97,0.2,0.4,low_low
1,1,0.8704153896834554,0.12958461031654497,hider,98,0.2,0.4,low_low
0,0,0.8963323117467643,0.10366768825323598,hider,99,0.2,0.4,low_low
1,0,0.9170658493974115,0.0829341506025888,hider,100,0.2,0.4,low_low
1,0,0.7336526795179292,0.26634732048207105,hider,101,0.2,0.4,low_low
1,0,0.5869221436143434,0.41307785638565686,hider,102,0.2,0.4,low_low
0,1,0.4695377148914747,0.5304622851085254,hider,103,0.2,0.4,low_low
0,1,0.3756301719131798,0.6243698280868204,hider,104,0.2,0.4,low_low
1,1,0.3005041375305439,0.6994958624694563,hider,105,0.2,0.4,low_low
1,0,0.4404033100244351,0.559596689975565,hider,106,0.2,0.4,low_low
0,1,0.3523226480195481,0.647677351980452,hider,107,0.2,0.4,low_low
0,1,0.2818581184156385,0.7181418815843617,hider,108,0.2,0.4,low_low
1,1,0.2254864947325108,0.7745135052674894,hider,109,0.2,0.4,low_low
0,1,0.38038919578600866,0.6196108042139916,hider,110,0.2,0.4,low_low
0,1,0.30431135662880693,0.6956886433711933,hider,111,0.2,0.4,low_low
1,0,0.24344908530304554,0.7565509146969547,hider,112,0.2,0.4,low_low
1,1,0.19475926824243645,0.8052407317575638,hider,113,0.2,0.4,low_low
1,0,0.35580741459394916,0.6441925854060511,hider,114,0.2,0.4,low_low
0,1,0.28464593167515934,0.7153540683248409,hider,115,0.2,0.4,low_low
1,0,0.22771674534012748,0.7722832546598728,hider,116,0.2,0.4,low_low
0,0,0.182173396272102,0.8178266037278983,hider,117,0.2,0.4,low_low
1,1,0.3457387170176816,0.6542612829823187,hider,118,0.2,0.4,low_low
1,1,0.4765909736141453,0.523409026385855,hider,119,0.2,0.4,low_low
1,1,0.5812727788913163,0.418727221108684,hider,120,0.2,0.4,low_low
0,1,0.5,0.5,picker,1,0.2,0.4,low_low
0,1,0.4,0.6000000000000001,picker,2,0.2,0.4,low_low
1,0,0.32000000000000006,0.6800000000000002,picker,3,0.2,0.4,low_low
0,0,0.25600000000000006,0.7440000000000002,picker,4,0.2,0.4,low_low
0,1,0.40480000000000005,0.5952000000000002,picker,5,0.2,0.4,low_low
0,0,0.32384000000000007,0.6761600000000001,picker,6,0.2,0.4,low_low
1,1,0.4590720000000001,0.5409280000000001,picker,7,0.2,0.4,low_low
1,1,0.5672576,0.4327424000000001,picker,8,0.2,0.4,low_low
0,1,0.6538060800000001,0.3461939200000001,picker,9,0.2,0.4,low_low
1,1,0.523044864,0.4769551360000001,picker,10,0.2,0.4,low_low
1,0,0.6184358912000001,0.38156410880000013,picker,11,0.2,0.4,low_low
0,1,0.4947487129600001,0.5052512870400001,picker,12,0.2,0.4,low_low
0,1,0.3957989703680001,0.6042010296320002,picker,13,0.2,0.4,low_low
1,1,0.3166391762944001,0.6833608237056001,picker,14,0.2,0.4,low_low
0,0,0.45331134103552007,0.5466886589644802,picker,15,0.2,0.4,low_low
1,0,0.5626490728284161,0.43735092717158414,picker,16,0.2,0.4,low_low
0,0,0.4501192582627329,0.5498807417372673,picker,17,0.2,0.4,low_low
1,1,0.5600954066101864,0.43990459338981386,picker,18,0.2,0.4,low_low
1,1,0.6480763252881492,0.3519236747118511,picker,19,0.2,0.4,low_low
0,0,0.7184610602305195,0.2815389397694809,picker,20,0.2,0.4,low_low
1,0,0.7747688481844157,0.22523115181558473,picker,21,0.2,0.4,low_low
1,1,0.6198150785475326,0.3801849214524678,picker,22,0.2,0.4,low_low
1,0,0.695852062838026,0.30414793716197425,picker,23,0.2,0.4,low_low
0,1,0.5566816502704208,0.4433183497295794,picker,24,0.2,0.4,low_low
0,1,0.44534532021633666,0.5546546797836636,picker,25,0.2,0.4,low_low
0,1,0.35627625617306935,0.6437237438269309,picker,26,0.2,0.4,low_low
1,1,0.2850210049384555,0.7149789950615448,picker,27,0.2,0.4,low_low
1,1,0.4280168039507644,0.5719831960492359,picker,28,0.2,0.4,low_low
1,1,0.5424134431606116,0.4575865568393887,picker,29,0.2,0.4,low_low
0,1,0.6339307545284893,0.366069245471511,picker,30,0.2,0.4,low_low
0,1,0.5071446036227915,0.4928553963772088,picker,31,0.2,0.4,low_low
0,1,0.4057156828982332,0.5942843171017671,picker,32,0.2,0.4,low_low
0,1,0.32457254631858656,0.6754274536814138,picker,33,0.2,0.4,low_low
0,0,0.2596580370548693,0.7403419629451311,picker,34,0.2,0.4,low_low
0,0,0.40772642964389544,0.592273570356105,picker,35,0.2,0.4,low_low
0,0,0.5261811437151164,0.47381885628488396,picker,36,0.2,0.4,low_low
1,0,0.6209449149720931,0.3790550850279072,picker,37,0.2,0.4,low_low
1,0,0.49675593197767454,0.5032440680223258,picker,38,0.2,0.4,low_low
0,1,0.3974047455821397,0.6025952544178607,picker,39,0.2,0.4,low_low
1,0,0.3179237964657118,0.6820762035342885,picker,40,0.2,0.4,low_low
0,1,0.25433903717256945,0.7456609628274309,picker,41,0.2,0.4,low_low
1,1,0.20347122973805556,0.7965287702619448,picker,42,0.2,0.4,low_low
1,0,0.3627769837904445,0.6372230162095559,picker,43,0.2,0.4,low_low
0,0,0.2902215870323556,0.7097784129676448,picker,44,0.2,0.4,low_low
1,0,0.43217726962588454,0.5678227303741158,picker,45,0.2,0.4,low_low
0,0,0.34574181570070767,0.6542581842992927,picker,46,0.2,0.4,low_low
0,0,0.4765934525605662,0.5234065474394342,picker,47,0.2,0.4,low_low
0,0,0.581274762048453,0.41872523795154737,picker,48,0.2,0.4,low_low
0,0,0.6650198096387624,0.33498019036123794,picker,49,0.2,0.4,low_low
0,0,0.7320158477110099,0.26798415228899036,picker,50,0.2,0.4,low_low
0,0,0.785612678168808,0.2143873218311923,picker,51,0.2,0.4,low_low
0,1,0.8284901425350464,0.17150985746495384,picker,52,0.2,0.4,low_low
1,1,0.6627921140280372,0.33720788597196305,picker,53,0.2,0.4,low_low
1,0,0.7302336912224299,0.26976630877757046,picker,54,0.2,0.4,low_low
0,0,0.5841869529779439,0.4158130470220564,picker,55,0.2,0.4,low_low
1,1,0.6673495623823551,0.3326504376176451,picker,56,0.2,0.4,low_low
0,0,0.7338796499058842,0.2661203500941161,picker,57,0.2,0.4,low_low
0,1,0.7871037199247073,0.2128962800752929,picker,58,0.2,0.4,low_low
0,0,0.6296829759397659,0.37031702406023437,picker,59,0.2,0.4,low_low
1,0,0.7037463807518127,0.2962536192481875,picker,60,0.2,0.4,low_low
1,1,0.5629971046014502,0.43700289539855003,picker,61,0.2,0.4,low_low
1,1,0.6503976836811602,0.34960231631884003,picker,62,0.2,0.4,low_low
0,1,0.7203181469449282,0.27968185305507204,picker,63,0.2,0.4,low_low
1,0,0.5762545175559426,0.42374548244405763,picker,64,0.2,0.4,low_low
1,0,0.4610036140447541,0.5389963859552461,picker,65,0.2,0.4,low_low
1,0,0.3688028912358033,0.631197108764197,picker,66,0.2,0.4,low_low
0,0,0.29504231298864264,0.7049576870113576,picker,67,0.2,0.4,low_low
1,1,0.43603385039091413,0.5639661496090861,picker,68,0.2,0.4,low_low
1,0,0.5488270803127313,0.4511729196872689,picker,69,0.2,0.4,low_low
1,0,0.43906166425018506,0.5609383357498152,picker,70,0.2,0.4,low_low
0,1,0.3512493314001481,0.6487506685998522,picker,71,0.2,0.4,low_low
1,1,0.2809994651201185,0.7190005348798818,picker,72,0.2,0.4,low_low
1,0,0.4247995720960948,0.5752004279039055,picker,73,0.2,0.4,low_low
0,1,0.33983965767687585,0.6601603423231244,picker,74,0.2,0.4,low_low
0,1,0.2718717261415007,0.7281282738584995,picker,75,0.2,0.4,low_low
0,0,0.21749738091320056,0.7825026190867996,picker,76,0.2,0.4,low_low
1,1,0.3739979047305605,0.6260020952694397,picker,77,0.2,0.4,low_low
1,1,0.4991983237844484,0.5008016762155518,picker,78,0.2,0.4,low_low
1,0,0.5993586590275588,0.4006413409724415,picker,79,0.2,0.4,low_low
0,0,0.47948692722204705,0.5205130727779532,picker,80,0.2,0.4,low_low
1,1,0.5835895417776377,0.4164104582223626,picker,81,0.2,0.4,low_low
0,0,0.6668716334221101,0.33312836657789013,picker,82,0.2,0.4,low_low
0,1,0.7334973067376882,0.26650269326231213,picker,83,0.2,0.4,low_low
0,0,0.5867978453901506,0.4132021546098497,picker,84,0.2,0.4,low_low
0,0,0.6694382763121205,0.3305617236878798,picker,85,0.2,0.4,low_low
1,1,0.7355506210496965,0.26444937895030385,picker,86,0.2,0.4,low_low
0,0,0.7884404968397571,0.21155950316024308,picker,87,0.2,0.4,low_low
0,0,0.8307523974718058,0.16924760252819449,picker,88,0.2,0.4,low_low
0,1,0.8646019179774447,0.1353980820225556,picker,89,0.2,0.4,low_low
1,1,0.6916815343819558,0.3083184656180445,picker,90,0.2,0.4,low_low
1,0,0.7533452275055648,0.2466547724944356,picker,91,0.2,0.4,low_low
0,1,0.6026761820044518,0.3973238179955485,picker,92,0.2,0.4,low_low
0,1,0.48214094560356147,0.5178590543964388,picker,93,0.2,0.4,low_low
0,1,0.3857127564828492,0.614287243517151,picker,94,0.2,0.4,low_low
0,1,0.30857020518627937,0.6914297948137209,picker,95,0.2,0.4,low_low
0,0,0.2468561641490235,0.7531438358509768,picker,96,0.2,0.4,low_low
0,1,0.3974849313192188,0.6025150686807814,picker,97,0.2,0.4,low_low
0,0,0.3179879450553751,0.6820120549446251,picker,98,0.2,0.4,low_low
0,1,0.4543903560443001,0.5456096439557001,picker,99,0.2,0.4,low_low
1,1,0.3635122848354401,0.63648771516456,picker,100,0.2,0.4,low_low
1,1,0.49080982786835214,0.5091901721316481,picker,101,0.2,0.4,low_low
1,1,0.5926478622946818,0.4073521377053185,picker,102,0.2,0.4,low_low
1,0,0.6741182898357454,0.3258817101642548,picker,103,0.2,0.4,low_low
1,0,0.5392946318685964,0.4607053681314039,picker,104,0.2,0.4,low_low
0,0,0.43143570549487714,0.5685642945051231,picker,105,0.2,0.4,low_low
1,1,0.5451485643959018,0.4548514356040985,picker,106,0.2,0.4,low_low
1,0,0.6361188515167214,0.36388114848327885,picker,107,0.2,0.4,low_low
1,0,0.5088950812133771,0.4911049187866231,picker,108,0.2,0.4,low_low
0,0,0.40711606497070174,0.5928839350292985,picker,109,0.2,0.4,low_low
1,0,0.5256928519765613,0.4743071480234388,picker,110,0.2,0.4,low_low
1,0,0.4205542815812491,0.5794457184187511,picker,111,0.2,0.4,low_low
1,1,0.33644342526499926,0.663556574735001,picker,112,0.2,0.4,low_low
0,0,0.46915474021199943,0.5308452597880008,picker,113,0.2,0.4,low_low
1,1,0.5753237921695995,0.42467620783040066,picker,114,0.2,0.4,low_low
1,0,0.6602590337356796,0.33974096626432054,picker,115,0.2,0.4,low_low
1,1,0.5282072269885437,0.47179277301145645,picker,116,0.2,0.4,low_low
0,1,0.622565781590835,0.3774342184091652,picker,117,0.2,0.4,low_low
0,0,0.498052625272668,0.5019473747273322,picker,118,0.2,0.4,low_low
0,0,0.5984421002181344,0.4015578997818658,picker,119,0.2,0.4,low_low
0,0,0.6787536801745075,0.3212463198254927,picker,120,0.2,0.4,low_low
0,0,0.5,0.5,hider,1,0.2,0.4,low_high
0,1,0.6000000000000001,0.4,hider,2,0.2,0.4,low_high
0,0,0.4800000000000001,0.52,hider,3,0.2,0.4,low_high
0,1,0.5840000000000001,0.41600000000000004,hider,4,0.2,0.4,low_high
1,1,0.46720000000000006,0.5328,hider,5,0.2,0.4,low_high
0,0,0.57376,0.42624000000000006,hider,6,0.2,0.4,low_high
0,1,0.659008,0.3409920000000001,hider,7,0.2,0.4,low_high
1,1,0.5272064000000001,0.4727936000000001,hider,8,0.2,0.4,low_high
1,1,0.6217651200000001,0.3782348800000001,hider,9,0.2,0.4,low_high
0,0,0.6974120960000001,0.30258790400000013,hider,10,0.2,0.4,low_high
0,1,0.7579296768000001,0.2420703232000001,hider,11,0.2,0.4,low_high
1,1,0.6063437414400001,0.3936562585600001,hider,12,0.2,0.4,low_high
0,0,0.6850749931520002,0.31492500684800007,hider,13,0.2,0.4,low_high
0,1,0.7480599945216002,0.25194000547840006,hider,14,0.2,0.4,low_high
1,0,0.5984479956172802,0.4015520043827201,hider,15,0.2,0.4,low_high
0,0,0.47875839649382423,0.5212416035061761,hider,16,0.2,0.4,low_high
0,1,0.5830067171950595,0.4169932828049409,hider,17,0.2,0.4,low_high
0,0,0.4664053737560476,0.5335946262439528,hider,18,0.2,0.4,low_high
0,0,0.5731242990048382,0.42687570099516225,hider,19,0.2,0.4,low_high
0,1,0.6584994392038706,0.34150056079612984,hider,20,0.2,0.4,low_high
1,0,0.5267995513630964,0.4732004486369039,hider,21,0.2,0.4,low_high
1,1,0.42143964109047716,0.5785603589095232,hider,22,0.2,0.4,low_high
1,1,0.5371517128723817,0.46284828712761855,hider,23,0.2,0.4,low_high
1,1,0.6297213702979054,0.37027862970209485,hider,24,0.2,0.4,low_high
1,0,0.7037770962383243,0.29622290376167587,hider,25,0.2,0.4,low_high
0,1,0.5630216769906594,0.4369783230093407,hider,26,0.2,0.4,low_high
1,1,0.45041734159252755,0.5495826584074726,hider,27,0.2,0.4,low_high
1,1,0.5603338732740221,0.43966612672597805,hider,28,0.2,0.4,low_high
1,0,0.6482670986192176,0.35173290138078245,hider,29,0.2,0.4,low_high
1,0,0.5186136788953741,0.481386321104626,hider,30,0.2,0.4,low_high
1,0,0.4148909431162993,0.5851090568837007,hider,31,0.2,0.4,low_high
0,1,0.3319127544930395,0.6680872455069606,hider,32,0.2,0.4,low_high
1,0,0.2655302035944316,0.7344697964055686,hider,33,0.2,0.4,low_high
0,1,0.21242416287554527,0.787575837124455,hider,34,0.2,0.4,low_high
0,1,0.16993933030043623,0.830060669699564,hider,35,0.2,0.4,low_high
1,0,0.13595146424034898,0.8640485357596512,hider,36,0.2,0.4,low_high
0,1,0.1087611713922792,0.8912388286077211,hider,37,0.2,0.4,low_high
1,0,0.08700893711382336,0.9129910628861768,hider,38,0.2,0.4,low_high
0,1,0.06960714969105869,0.9303928503089416,hider,39,0.2,0.4,low_high
0,0,0.05568571975284695,0.9443142802471534,hider,40,0.2,0.4,low_high
1,1,0.24454857580227757,0.7554514241977227,hider,41,0.2,0.4,low_high
0,1,0.3956388606418221,0.6043611393581783,hider,42,0.2,0.4,low_high
0,0,0.31651108851345766,0.6834889114865426,hider,43,0.2,0.4,low_high
0,0,0.45320887081076616,0.5467911291892341,hider,44,0.2,0.4,low_high
1,1,0.5625670966486129,0.4374329033513873,hider,45,0.2,0.4,low_high
1,1,0.6500536773188903,0.34994632268110987,hider,46,0.2,0.4,low_high
1,0,0.7200429418551122,0.2799570581448879,hider,47,0.2,0.4,low_high
0,1,0.5760343534840898,0.42396564651591034,hider,48,0.2,0.4,low_high
1,1,0.46082748278727187,0.5391725172127283,hider,49,0.2,0.4,low_high
1,1,0.5686619862298175,0.43133801377018266,hider,50,0.2,0.4,low_high
1,0,0.654929588983854,0.34507041101614616,hider,51,0.2,0.4,low_high
1,0,0.5239436711870832,0.47605632881291693,hider,52,0.2,0.4,low_high
1,1,0.41915493694966655,0.5808450630503336,hider,53,0.2,0.4,low_high
0,1,0.5353239495597333,0.4646760504402669,hider,54,0.2,0.4,low_high
0,1,0.42825915964778666,0.5717408403522135,hider,55,0.2,0.4,low_high
1,1,0.3426073277182293,0.6573926722817709,hider,56,0.2,0.4,low_high
1,0,0.4740858621745835,0.5259141378254167,hider,57,0.2,0.4,low_high
0,1,0.3792686897396668,0.6207313102603333,hider,58,0.2,0.4,low_high
0,1,0.3034149517917335,0.6965850482082667,hider,59,0.2,0.4,low_high
0,1,0.24273196143338682,0.7572680385666135,hider,60,0.2,0.4,low_high
0,0,0.19418556914670948,0.8058144308532909,hider,61,0.2,0.4,low_high
1,0,0.3553484553173676,0.6446515446826327,hider,62,0.2,0.4,low_high
1,0,0.2842787642538941,0.7157212357461062,hider,63,0.2,0.4,low_high
0,1,0.22742301140311527,0.772576988596885,hider,64,0.2,0.4,low_high
0,0,0.18193840912249223,0.818061590877508,hider,65,0.2,0.4,low_high
1,1,0.3455507272979938,0.6544492727020064,hider,66,0.2,0.4,low_high
0,1,0.47644058183839505,0.5235594181616051,hider,67,0.2,0.4,low_high
0,1,0.3811524654707161,0.6188475345292841,hider,68,0.2,0.4,low_high
1,0,0.30492197237657287,0.6950780276234273,hider,69,0.2,0.4,low_high
0,0,0.2439375779012583,0.756062422098742,hider,70,0.2,0.4,low_high
0,1,0.3951500623210067,0.6048499376789936,hider,71,0.2,0.4,low_high
1,1,0.31612004985680536,0.6838799501431949,hider,72,0.2,0.4,low_high
1,0,0.4528960398854443,0.547103960114556,hider,73,0.2,0.4,low_high
0,0,0.36231683190835545,0.6376831680916448,hider,74,0.2,0.4,low_high
0,0,0.4898534655266844,0.5101465344733159,hider,75,0.2,0.4,low_high
1,1,0.5918827724213476,0.40811722757865276,hider,76,0.2,0.4,low_high
0,1,0.6735062179370781,0.32649378206292223,hider,77,0.2,0.4,low_high
1,1,0.5388049743496625,0.4611950256503378,hider,78,0.2,0.4,low_high
0,1,0.63104397947973,0.36895602052027027,hider,79,0.2,0.4,low_high
0,0,0.504835183583784,0.49516481641621624,hider,80,0.2,0.4,low_high
1,0,0.6038681468670273,0.396131853132973,hider,81,0.2,0.4,low_high
1,0,0.48309451749362187,0.5169054825063784,hider,82,0.2,0.4,low_high
0,0,0.3864756139948975,0.6135243860051027,hider,83,0.2,0.4,low_high
1,1,0.509180491195918,0.4908195088040822,hider,84,0.2,0.4,low_high
0,1,0.6073443929567344,0.3926556070432658,hider,85,0.2,0.4,low_high
0,0,0.4858755143653875,0.5141244856346127,hider,86,0.2,0.4,low_high
0,1,0.58870041149231,0.41129958850769016,hider,87,0.2,0.4,low_high
0,0,0.470960329193848,0.5290396708061522,hider,88,0.2,0.4,low_high
1,1,0.5767682633550784,0.4232317366449218,hider,89,0.2,0.4,low_high
0,1,0.6614146106840627,0.33858538931593746,hider,90,0.2,0.4,low_high
0,0,0.5291316885472502,0.47086831145275,hider,91,0.2,0.4,low_high
1,1,0.6233053508378001,0.3766946491622,hider,92,0.2,0.4,low_high
1,0,0.6986442806702402,0.30135571932976,hider,93,0.2,0.4,low_high
0,1,0.5589154245361921,0.441084575463808,hider,94,0.2,0.4,low_high
0,1,0.4471323396289537,0.5528676603710465,hider,95,0.2,0.4,low_high
0,0,0.357705871703163,0.6422941282968373,hider,96,0.2,0.4,low_high
1,1,0.48616469736253043,0.5138353026374699,hider,97,0.2,0.4,low_high
1,0,0.5889317578900244,0.41106824210997595,hider,98,0.2,0.4,low_high
0,0,0.4711454063120195,0.5288545936879807,hider,99,0.2,0.4,low_high
1,0,0.5769163250496157,0.42308367495038457,hider,100,0.2,0.4,low_high
1,1,0.4615330600396925,0.5384669399603077,hider,101,0.2,0.4,low_high
0,1,0.569226448031754,0.4307735519682462,hider,102,0.2,0.4,low_high
1,0,0.4553811584254033,0.544618841574597,hider,103,0.2,0.4,low_high
1,0,0.36430492674032267,0.6356950732596776,hider,104,0.2,0.4,low_high
0,1,0.29144394139225815,0.7085560586077422,hider,105,0.2,0.4,low_high
0,0,0.23315515311380652,0.7668448468861937,hider,106,0.2,0.4,low_high
0,0,0.38652412249104523,0.613475877508955,hider,107,0.2,0.4,low_high
0,0,0.5092192979928363,0.49078070200716406,hider,108,0.2,0.4,low_high
0,0,0.6073754383942691,0.3926245616057313,hider,109,0.2,0.4,low_high
0,0,0.6859003507154153,0.31409964928458506,hider,110,0.2,0.4,low_high
1,1,0.7487202805723323,0.2512797194276681,hider,111,0.2,0.4,low_high
0,0,0.798976224457866,0.20102377554213446,hider,112,0.2,0.4,low_high
1,1,0.8391809795662928,0.16081902043370758,hider,113,0.2,0.4,low_high
0,1,0.8713447836530344,0.12865521634696606,hider,114,0.2,0.4,low_high
0,0,0.6970758269224275,0.30292417307757286,hider,115,0.2,0.4,low_high
1,1,0.757660661537942,0.2423393384620583,hider,116,0.2,0.4,low_high
1,0,0.8061285292303537,0.19387147076964664,hider,117,0.2,0.4,low_high
1,0,0.6449028233842831,0.3550971766157173,hider,118,0.2,0.4,low_high
1,1,0.5159222587074265,0.48407774129257386,hider,119,0.2,0.4,low_high
0,1,0.6127378069659413,0.3872621930340591,hider,120,0.2,0.4,low_high
0,1,0.5,0.5,picker,1,0.2,2,low_high
1,0,0.4,0.6000000000000001,picker,2,0.2,2,low_high
0,1,0.32000000000000006,0.6800000000000002,picker,3,0.2,2,low_high
1,0,0.25600000000000006,0.7440000000000002,picker,4,0.2,2,low_high
0,0,0.20480000000000007,0.7952000000000001,picker,5,0.2,2,low_high
0,1,0.36384000000000005,0.6361600000000002,picker,6,0.2,2,low_high
1,0,0.29107200000000005,0.7089280000000002,picker,7,0.2,2,low_high
0,0,0.23285760000000005,0.7671424000000002,picker,8,0.2,2,low_high
0,0,0.3862860800000001,0.6137139200000002,picker,9,0.2,2,low_high
0,1,0.509028864,0.4909711360000002,picker,10,0.2,2,low_high
1,0,0.40722309120000005,0.5927769088000001,picker,11,0.2,2,low_high
0,0,0.32577847296000007,0.67422152704,picker,12,0.2,2,low_high
0,1,0.4606227783680001,0.5393772216320001,picker,13,0.2,2,low_high
1,0,0.3684982226944001,0.6315017773056001,picker,14,0.2,2,low_high
1,1,0.2947985781555201,0.7052014218444802,picker,15,0.2,2,low_high
0,1,0.43583886252441606,0.5641611374755842,picker,16,0.2,2,low_high
1,0,0.3486710900195329,0.6513289099804673,picker,17,0.2,2,low_high
0,1,0.27893687201562634,0.721063127984374,picker,18,0.2,2,low_high
0,1,0.22314949761250108,0.7768505023874992,picker,19,0.2,2,low_high
1,0,0.17851959809000087,0.8214804019099995,picker,20,0.2,2,low_high
1,1,0.1428156784720007,0.8571843215279997,picker,21,0.2,2,low_high
0,0,0.31425254277760056,0.6857474572223998,picker,22,0.2,2,low_high
0,0,0.4514020342220805,0.5485979657779199,picker,23,0.2,2,low_high
0,0,0.5611216273776645,0.4388783726223359,picker,24,0.2,2,low_high
1,1,0.6488973019021316,0.35110269809786876,picker,25,0.2,2,low_high
1,0,0.7191178415217052,0.280882158478295,picker,26,0.2,2,low_high
0,0,0.5752942732173641,0.424705726782636,picker,27,0.2,2,low_high
0,0,0.6602354185738913,0.3397645814261088,picker,28,0.2,2,low_high
1,1,0.7281883348591132,0.27181166514088706,picker,29,0.2,2,low_high
1,1,0.7825506678872907,0.21744933211270967,picker,30,0.2,2,low_high
1,1,0.8260405343098325,0.17395946569016774,picker,31,0.2,2,low_high
1,0,0.860832427447866,0.1391675725521342,picker,32,0.2,2,low_high
1,1,0.6886659419582929,0.3113340580417074,picker,33,0.2,2,low_high
1,0,0.7509327535666344,0.24906724643336592,picker,34,0.2,2,low_high
1,0,0.6007462028533075,0.39925379714669273,picker,35,0.2,2,low_high
1,1,0.48059696228264603,0.5194030377173542,picker,36,0.2,2,low_high
1,0,0.5844775698261169,0.41552243017388335,picker,37,0.2,2,low_high
1,1,0.4675820558608935,0.5324179441391067,picker,38,0.2,2,low_high
1,0,0.5740656446887149,0.4259343553112854,picker,39,0.2,2,low_high
0,1,0.4592525157509719,0.5407474842490283,picker,40,0.2,2,low_high
0,0,0.36740201260077754,0.6325979873992227,picker,41,0.2,2,low_high
1,0,0.4939216100806221,0.5060783899193781,picker,42,0.2,2,low_high
0,1,0.39513728806449766,0.6048627119355026,picker,43,0.2,2,low_high
0,1,0.31610983045159813,0.6838901695484021,picker,44,0.2,2,low_high
0,0,0.2528878643612785,0.7471121356387218,picker,45,0.2,2,low_high
0,0,0.40231029148902286,0.5976897085109775,picker,46,0.2,2,low_high
1,1,0.5218482331912183,0.478151766808782,picker,47,0.2,2,low_high
1,0,0.6174785865529746,0.3825214134470256,picker,48,0.2,2,low_high
0,0,0.4939828692423797,0.5060171307576204,picker,49,0.2,2,low_high
0,0,0.5951862953939038,0.4048137046060964,picker,50,0.2,2,low_high
1,1,0.676149036315123,0.32385096368487715,picker,51,0.2,2,low_high
1,1,0.7409192290520985,0.2590807709479017,picker,52,0.2,2,low_high
0,0,0.7927353832416788,0.2072646167583214,picker,53,0.2,2,low_high
1,0,0.8341883065933431,0.16581169340665713,picker,54,0.2,2,low_high
1,0,0.6673506452746745,0.33264935472532575,picker,55,0.2,2,low_high
0,0,0.5338805162197396,0.46611948378026063,picker,56,0.2,2,low_high
1,1,0.6271044129757917,0.37289558702420855,picker,57,0.2,2,low_high
1,0,0.7016835303806335,0.29831646961936686,picker,58,0.2,2,low_high
1,0,0.5613468243045068,0.4386531756954935,picker,59,0.2,2,low_high
1,0,0.44907745944360544,0.5509225405563949,picker,60,0.2,2,low_high
0,1,0.3592619675548844,0.640738032445116,picker,61,0.2,2,low_high
1,1,0.2874095740439075,0.7125904259560929,picker,62,0.2,2,low_high
1,1,0.429927659235126,0.5700723407648743,picker,63,0.2,2,low_high
1,0,0.5439421273881009,0.4560578726118995,picker,64,0.2,2,low_high
0,1,0.43515370191048075,0.5648462980895197,picker,65,0.2,2,low_high
0,0,0.3481229615283846,0.6518770384716157,picker,66,0.2,2,low_high
1,0,0.4784983692227077,0.5215016307772926,picker,67,0.2,2,low_high
1,0,0.3827986953781662,0.6172013046218341,picker,68,0.2,2,low_high
1,1,0.30623895630253295,0.6937610436974673,picker,69,0.2,2,low_high
0,1,0.4449911650420264,0.5550088349579738,picker,70,0.2,2,low_high
1,0,0.35599293203362115,0.6440070679663791,picker,71,0.2,2,low_high
0,0,0.2847943456268969,0.71520565437310335,picker,72,0.2,2,low_high
1,1,0.42783547650151754,0.5721645234984827,picker,73,0.2,2,low_high
0,1,0.5422683812012141,0.45773161879878616,picker,74,0.2,2,low_high
0,1,0.4338147049609713,0.5661852950390289,picker,75,0.2,2,low_high
0,0,0.34705176396877707,0.6529482360312231,picker,76,0.2,2,low_high
1,0,0.4776414111750217,0.5223585888249785,picker,77,0.2,2,low_high
0,0,0.38211312894001737,0.6178868710599829,picker,78,0.2,2,low_high
1,0,0.5056905031520139,0.4943094968479863,picker,79,0.2,2,low_high
0,1,0.4045524025216112,0.595447597478389,picker,80,0.2,2,low_high
1,1,0.323641922017289,0.6763580779827112,picker,81,0.2,2,low_high
1,1,0.4589135376138312,0.541086462386169,picker,82,0.2,2,low_high
0,1,0.5671308300910649,0.4328691699089352,picker,83,0.2,2,low_high
0,0,0.4537046640728519,0.5462953359271482,picker,84,0.2,2,low_high
1,0,0.5629637312582816,0.4370362687417186,picker,85,0.2,2,low_high
0,1,0.4503709850066253,0.5496290149933749,picker,86,0.2,2,low_high
1,0,0.3602967880053003,0.6397032119946999,picker,87,0.2,2,low_high
0,1,0.28823743040424027,0.7117625695957599,picker,88,0.2,2,low_high
0,0,0.23058994432339222,0.7694100556766079,picker,89,0.2,2,low_high
1,0,0.3844719554587138,0.6155280445412864,picker,90,0.2,2,low_high
0,1,0.3075775643669711,0.6924224356330291,picker,91,0.2,2,low_high
0,0,0.24606205149357688,0.7539379485064233,picker,92,0.2,2,low_high
1,1,0.39684964119486155,0.6031503588051387,picker,93,0.2,2,low_high
1,0,0.5174797129558892,0.482520287044111,picker,94,0.2,2,low_high
1,0,0.4139837703647114,0.5860162296352889,picker,95,0.2,2,low_high
0,1,0.33118701629176917,0.6688129837082311,picker,96,0.2,2,low_high
0,0,0.26494961303341535,0.735050386966585,picker,97,0.2,2,low_high
1,1,0.4119596904267323,0.588040309573268,picker,98,0.2,2,low_high
0,1,0.5295677523413859,0.47043224765861447,picker,99,0.2,2,low_high
1,1,0.4236542018731087,0.5763457981268916,picker,100,0.2,2,low_high
0,0,0.538923361498487,0.46107663850151326,picker,101,0.2,2,low_high
1,0,0.6311386891987896,0.36886131080121065,picker,102,0.2,2,low_high
1,1,0.5049109513590316,0.49508904864096853,picker,103,0.2,2,low_high
1,1,0.6039287610872253,0.39607123891277485,picker,104,0.2,2,low_high
1,0,0.6831430088697803,0.3168569911302199,picker,105,0.2,2,low_high
0,1,0.5465144070958242,0.45348559290417595,picker,106,0.2,2,low_high
0,1,0.4372115256766594,0.5627884743233408,picker,107,0.2,2,low_high
0,1,0.34976922054132753,0.6502307794586726,picker,108,0.2,2,low_high
0,1,0.27981537643306204,0.720184623566938,picker,109,0.2,2,low_high
0,1,0.22385230114644963,0.7761476988535505,picker,110,0.2,2,low_high
0,0,0.17908184091715973,0.8209181590828405,picker,111,0.2,2,low_high
0,1,0.34326547273372776,0.6567345272662725,picker,112,0.2,2,low_high
0,0,0.2746123781869822,0.725387621813018,picker,113,0.2,2,low_high
1,0,0.41968990254958577,0.5803100974504144,picker,114,0.2,2,low_high
0,1,0.33575192203966864,0.6642480779603315,picker,115,0.2,2,low_high
0,0,0.26860153763173494,0.7313984623682652,picker,116,0.2,2,low_high
1,1,0.41488123010538797,0.5851187698946122,picker,117,0.2,2,low_high
1,1,0.5319049840843104,0.4680950159156898,picker,118,0.2,2,low_high
0,0,0.6255239872674483,0.3744760127325519,picker,119,0.2,2,low_high
1,0,0.7004191898139587,0.2995808101860415,picker,120,0.2,2,low_high
0,1,0.5,0.5,hider,1,0.2,0.4,high_low
0,1,0.4,0.6000000000000001,hider,2,0.2,0.4,high_low
0,0,0.32000000000000006,0.6800000000000002,hider,3,0.2,0.4,high_low
0,0,0.45600000000000007,0.5440000000000002,hider,4,0.2,0.4,high_low
1,1,0.5648000000000001,0.43520000000000014,hider,5,0.2,0.4,high_low
0,1,0.6518400000000001,0.34816000000000014,hider,6,0.2,0.4,high_low
1,1,0.521472,0.4785280000000001,hider,7,0.2,0.4,high_low
1,1,0.6171776,0.3828224000000001,hider,8,0.2,0.4,high_low
1,1,0.69374208,0.30625792000000013,hider,9,0.2,0.4,high_low
1,1,0.7549936640000001,0.2450063360000001,hider,10,0.2,0.4,high_low
1,0,0.8039949312000001,0.1960050688000001,hider,11,0.2,0.4,high_low
1,0,0.6431959449600001,0.3568040550400001,hider,12,0.2,0.4,high_low
0,1,0.5145567559680001,0.4854432440320001,hider,13,0.2,0.4,high_low
0,0,0.4116454047744001,0.5883545952256002,hider,14,0.2,0.4,high_low
0,0,0.5293163238195201,0.4706836761804802,hider,15,0.2,0.4,high_low
1,0,0.6234530590556161,0.3765469409443842,hider,16,0.2,0.4,high_low
1,0,0.4987624472444929,0.5012375527555073,hider,17,0.2,0.4,high_low
0,0,0.39900995779559434,0.6009900422044059,hider,18,0.2,0.4,high_low
1,1,0.5192079662364755,0.48079203376352475,hider,19,0.2,0.4,high_low
1,1,0.6153663729891804,0.3846336270108198,hider,20,0.2,0.4,high_low
1,0,0.6922930983913443,0.3077069016086559,hider,21,0.2,0.4,high_low
1,0,0.5538344787130755,0.4461655212869247,hider,22,0.2,0.4,high_low
0,0,0.4430675829704604,0.5569324170295398,hider,23,0.2,0.4,high_low
0,0,0.5544540663763684,0.4455459336236318,hider,24,0.2,0.4,high_low
1,1,0.6435632531010947,0.3564367468989055,hider,25,0.2,0.4,high_low
0,0,0.7148506024808758,0.2851493975191244,hider,26,0.2,0.4,high_low
1,1,0.7718804819847007,0.2281195180152995,hider,27,0.2,0.4,high_low
0,0,0.8175043855877606,0.1824956144122396,hider,28,0.2,0.4,high_low
1,0,0.85400350847020845,0.1459964915297917,hider,29,0.2,0.4,high_low
1,1,0.6832028067761668,0.3167971932238334,hider,30,0.2,0.4,high_low
1,0,0.7465622454209335,0.2534377545790667,hider,31,0.2,0.4,high_low
0,0,0.5972497963367468,0.40275020366325337,hider,32,0.2,0.4,high_low
1,1,0.6777998370693974,0.3222001629306027,hider,33,0.2,0.4,high_low
1,0,0.7422398696555179,0.2577601303444822,hider,34,0.2,0.4,high_low
1,0,0.5937918957244144,0.4062081042755858,hider,35,0.2,0.4,high_low
1,1,0.4750335165795315,0.5249664834204686,hider,36,0.2,0.4,high_low
1,0,0.5800268132636253,0.4199731867363749,hider,37,0.2,0.4,high_low
0,1,0.4640214506109002,0.5359785493891,hider,38,0.2,0.4,high_low
1,1,0.3712171604887202,0.62878283951128,hider,39,0.2,0.4,high_low
0,0,0.4969737283909762,0.503026271609024,hider,40,0.2,0.4,high_low
0,1,0.597578982712781,0.40242101728721924,hider,41,0.2,0.4,high_low
0,0,0.4780631861702248,0.5219368138297754,hider,42,0.2,0.4,high_low
0,1,0.5824505489361799,0.41754945106382035,hider,43,0.2,0.4,high_low
1,1,0.4659604391489439,0.5340395608510563,hider,44,0.2,0.4,high_low
0,1,0.5727683513191552,0.42723164868084507,hider,45,0.2,0.4,high_low
0,1,0.45821468105532415,0.5417853189446761,hider,46,0.2,0.4,high_low
1,1,0.36657174484425936,0.6334282551557409,hider,47,0.2,0.4,high_low
1,0,0.4932573958754075,0.5067426041245927,hider,48,0.2,0.4,high_low
0,1,0.394605916700326,0.6053940832996743,hider,49,0.2,0.4,high_low
0,1,0.3156847333602608,0.6843152666397394,hider,50,0.2,0.4,high_low
0,0,0.25254778668820865,0.7474522133117916,hider,51,0.2,0.4,high_low
1,0,0.40203822935056693,0.5979617706494332,hider,52,0.2,0.4,high_low
0,1,0.3216305834804536,0.6783694165195466,hider,53,0.2,0.4,high_low
1,1,0.25730446678436286,0.7426955332156373,hider,54,0.2,0.4,high_low
1,1,0.40584357342749033,0.5941564265725099,hider,55,0.2,0.4,high_low
1,0,0.5246748587419923,0.47532514125800795,hider,56,0.2,0.4,high_low
0,0,0.4197398869935938,0.5802601130064065,hider,57,0.2,0.4,high_low
0,1,0.5357919095948751,0.4642080904051252,hider,58,0.2,0.4,high_low
1,1,0.42863352767590013,0.5713664723241001,hider,59,0.2,0.4,high_low
0,0,0.5429068221407201,0.4570931778592801,hider,60,0.2,0.4,high_low
1,0,0.6343254577125761,0.36567454228742413,hider,61,0.2,0.4,high_low
1,0,0.5074603661700609,0.4925396338299393,hider,62,0.2,0.4,high_low
1,0,0.4059682929360487,0.5940317070639515,hider,63,0.2,0.4,high_low
0,1,0.32477463434883896,0.6752253656511612,hider,64,0.2,0.4,high_low
0,1,0.2598197074790712,0.7401802925209291,hider,65,0.2,0.4,high_low
1,1,0.20785576598325695,0.7921442340167433,hider,66,0.2,0.4,high_low
1,0,0.36628461278660557,0.6337153872133947,hider,67,0.2,0.4,high_low
0,0,0.2930276902292845,0.7069723097707159,hider,68,0.2,0.4,high_low
0,1,0.4344221521834276,0.5655778478165727,hider,69,0.2,0.4,high_low
0,1,0.34753772174674213,0.6524622782532582,hider,70,0.2,0.4,high_low
1,1,0.2780301773973937,0.7219698226026066,hider,71,0.2,0.4,high_low
0,0,0.422424141917915,0.5775758580820852,hider,72,0.2,0.4,high_low
1,0,0.537939313534332,0.4620606864656682,hider,73,0.2,0.4,high_low
1,1,0.4303514508274656,0.5696485491725346,hider,74,0.2,0.4,high_low
1,0,0.5442811606619725,0.4557188393380277,hider,75,0.2,0.4,high_low
0,0,0.43542492852957804,0.5645750714704222,hider,76,0.2,0.4,high_low
0,0,0.5483399428236624,0.4516600571763378,hider,77,0.2,0.4,high_low
0,0,0.6386719542589299,0.36132804574107025,hider,78,0.2,0.4,high_low
0,0,0.710937563407144,0.2890624365928562,hider,79,0.2,0.4,high_low
1,1,0.7687500507257152,0.23124994927428497,hider,80,0.2,0.4,high_low
0,0,0.8150000405805722,0.18499995941942798,hider,81,0.2,0.4,high_low
1,0,0.8520000324644579,0.1479999675355424,hider,82,0.2,0.4,high_low
1,0,0.6816000259715663,0.31839997402843395,hider,83,0.2,0.4,high_low
1,0,0.5452800207772531,0.4547199792227472,hider,84,0.2,0.4,high_low
0,0,0.43622401662180255,0.5637759833781978,hider,85,0.2,0.4,high_low
0,1,0.548979213297442,0.45102078670255824,hider,86,0.2,0.4,high_low
0,0,0.43918337063795365,0.5608166293620467,hider,87,0.2,0.4,high_low
0,0,0.5513466965103629,0.4486533034896374,hider,88,0.2,0.4,high_low
0,1,0.6410773572082904,0.35892264279170993,hider,89,0.2,0.4,high_low
1,0,0.5128618857666324,0.48713811423336795,hider,90,0.2,0.4,high_low
1,0,0.41028950861330593,0.5897104913866944,hider,91,0.2,0.4,high_low
0,0,0.3282316068906448,0.6717683931093555,hider,92,0.2,0.4,high_low
1,0,0.4625852855125159,0.5374147144874845,hider,93,0.2,0.4,high_low
1,1,0.37006822841001275,0.6299317715899876,hider,94,0.2,0.4,high_low
1,0,0.49605458272801023,0.50394541727199,hider,95,0.2,0.4,high_low
0,1,0.3968436661824082,0.603156333817592,hider,96,0.2,0.4,high_low
0,0,0.31747493294592655,0.6825250670540737,hider,97,0.2,0.4,high_low
1,1,0.45397994635674127,0.546020053643259,hider,98,0.2,0.4,high_low
0,1,0.563183957085393,0.43681604291460724,hider,99,0.2,0.4,high_low
0,0,0.45054716566831443,0.5494528343316858,hider,100,0.2,0.4,high_low
1,0,0.5604377325346516,0.43956226746534866,hider,101,0.2,0.4,high_low
0,1,0.44835018602772125,0.551649813972279,hider,102,0.2,0.4,high_low
0,0,0.358680148822177,0.6413198511778232,hider,103,0.2,0.4,high_low
1,1,0.48694411905774165,0.5130558809422586,hider,104,0.2,0.4,high_low
0,1,0.5895552952461933,0.4104447047538069,hider,105,0.2,0.4,high_low
1,0,0.47164423619695467,0.5283557638030456,hider,106,0.2,0.4,high_low
0,1,0.3773153889575638,0.6226846110424364,hider,107,0.2,0.4,high_low
0,0,0.30185231116605105,0.6981476888339492,hider,108,0.2,0.4,high_low
0,1,0.44148184893284087,0.5585181510671594,hider,109,0.2,0.4,high_low
0,1,0.35318547914627274,0.6468145208537275,hider,110,0.2,0.4,high_low
1,1,0.2825483833170182,0.7174516166829821,hider,111,0.2,0.4,high_low
1,0,0.4260387066536146,0.5739612933463857,hider,112,0.2,0.4,high_low
0,1,0.3408309653228917,0.6591690346771086,hider,113,0.2,0.4,high_low
0,0,0.27266477225831337,0.7273352277416869,hider,114,0.2,0.4,high_low
0,0,0.4181318178066507,0.5818681821933496,hider,115,0.2,0.4,high_low
1,1,0.5345054542453206,0.4654945457546797,hider,116,0.2,0.4,high_low
0,1,0.6276043633962565,0.37239563660374375,hider,117,0.2,0.4,high_low
1,0,0.5020834907170052,0.497916509282995,hider,118,0.2,0.4,high_low
1,0,0.40166679257360416,0.5983332074263961,hider,119,0.2,0.4,high_low
1,0,0.32133343405888337,0.6786665659411169,hider,120,0.2,0.4,high_low
1,0,0.5,0.5,picker,1,0.8,0.4,high_low
1,0,0.09999999999999998,0.9,picker,2,0.8,0.4,high_low
0,1,0.01999999999999999,0.98,picker,3,0.8,0.4,high_low
0,1,0.0039999999999999975,0.996,picker,4,0.8,0.4,high_low
0,0,7.999999999999993e-4,0.9992,picker,5,0.8,0.4,high_low
1,0,0.8001600000000001,0.19983999999999996,picker,6,0.8,0.4,high_low
0,0,0.16003199999999998,0.839968,picker,7,0.8,0.4,high_low
0,0,0.8320064,0.16799359999999997,picker,8,0.8,0.4,high_low
0,0,0.96640128,0.033598719999999985,picker,9,0.8,0.4,high_low
0,0,0.993280256,0.006719743999999995,picker,10,0.8,0.4,high_low
1,1,0.9986560512,0.0013439487999999987,picker,11,0.8,0.4,high_low
1,1,0.99973121024,2.687897599999997e-4,picker,12,0.8,0.4,high_low
1,0,0.999946242048,5.3757951999999923e-5,picker,13,0.8,0.4,high_low
0,1,0.19998924840959995,0.8000107515904,picker,14,0.8,0.4,high_low
0,1,0.03999784968191998,0.96000215031808,picker,15,0.8,0.4,high_low
1,1,0.007999569936383994,0.992000430063616,picker,16,0.8,0.4,high_low
1,1,0.8015999139872768,0.19840008601272316,picker,17,0.8,0.4,high_low
0,1,0.9603199827974553,0.039680017202544625,picker,18,0.8,0.4,high_low
0,0,0.19206399655949102,0.807936003440509,picker,19,0.8,0.4,high_low
0,0,0.8384127993118983,0.16158720068810176,picker,20,0.8,0.4,high_low
1,1,0.9676825598623797,0.03231744013762034,picker,21,0.8,0.4,high_low
1,1,0.9935365119724759,0.006463488027524067,picker,22,0.8,0.4,high_low
0,1,0.9987073023944952,0.0012926976055048132,picker,23,0.8,0.4,high_low
0,1,0.199741460478899,0.800258539521101,picker,24,0.8,0.4,high_low
0,0,0.0399482920957798,0.9600517079042202,picker,25,0.8,0.4,high_low
0,1,0.807989658419156,0.192010341580844,picker,26,0.8,0.4,high_low
0,0,0.1615979316838312,0.8384020683161688,picker,27,0.8,0.4,high_low
0,1,0.8323195863367663,0.16768041366323372,picker,28,0.8,0.4,high_low
1,1,0.1664639172673532,0.8335360827326468,picker,29,0.8,0.4,high_low
0,0,0.8332927834534707,0.1667072165465293,picker,30,0.8,0.4,high_low
1,1,0.9666585566906941,0.03334144330930586,picker,31,0.8,0.4,high_low
0,1,0.9933317113381388,0.00666828866186117,picker,32,0.8,0.4,high_low
0,0,0.19866634226762772,0.8013336577323723,picker,33,0.8,0.4,high_low
1,1,0.8397332684535256,0.16026673154647442,picker,34,0.8,0.4,high_low
1,1,0.9679466536907051,0.03205334630929488,picker,35,0.8,0.4,high_low
0,0,0.993589330738141,0.0064106692618589745,picker,36,0.8,0.4,high_low
1,1,0.9987178661476281,0.0012821338523717946,picker,37,0.8,0.4,high_low
1,0,0.9997435732295257,2.564267704743589e-4,picker,38,0.8,0.4,high_low
0,0,0.19994871464590508,0.8000512853540949,picker,39,0.8,0.4,high_low
0,1,0.839989742929181,0.16001025707081895,picker,40,0.8,0.4,high_low
1,0,0.16799794858583617,0.8320020514141638,picker,41,0.8,0.4,high_low
0,1,0.03359958971716723,0.9664004102828327,picker,42,0.8,0.4,high_low
1,0,0.006719917943433444,0.9932800820565666,picker,43,0.8,0.4,high_low
0,0,0.0013439835886866886,0.9986560164113133,picker,44,0.8,0.4,high_low
1,0,0.8002687967177374,0.19973120328226263,picker,45,0.8,0.4,high_low
1,0,0.16005375934354746,0.8399462406564525,picker,46,0.8,0.4,high_low
0,0,0.03201075186870948,0.9679892481312905,picker,47,0.8,0.4,high_low
1,1,0.806402150373742,0.19359784962625806,picker,48,0.8,0.4,high_low
1,0,0.9612804300747484,0.03871956992525161,picker,49,0.8,0.4,high_low
1,0,0.19225608601494965,0.8077439139850504,picker,50,0.8,0.4,high_low
0,1,0.03845121720298992,0.9615487827970101,picker,51,0.8,0.4,high_low
1,1,0.007690243440597982,0.992309756559402,picker,52,0.8,0.4,high_low
1,0,0.8015380486881196,0.19846195131188035,picker,53,0.8,0.4,high_low
0,0,0.1603076097376239,0.8396923902623761,picker,54,0.8,0.4,high_low
0,0,0.8320615219475248,0.16793847805247517,picker,55,0.8,0.4,high_low
1,1,0.966412304389505,0.03358769561049502,picker,56,0.8,0.4,high_low
0,1,0.993282460877901,0.0067175391220990035,picker,57,0.8,0.4,high_low
1,0,0.19865649217558015,0.8013435078244199,picker,58,0.8,0.4,high_low
0,0,0.039731298435116025,0.960268701564884,picker,59,0.8,0.4,high_low
0,1,0.8079462596870233,0.19205374031297676,picker,60,0.8,0.4,high_low
1,1,0.16158925193740462,0.8384107480625954,picker,61,0.8,0.4,high_low
1,1,0.832317850387481,0.16768214961251904,picker,62,0.8,0.4,high_low
1,1,0.9664635700774962,0.0335364299225038,picker,63,0.8,0.4,high_low
1,0,0.9932927140154992,0.006707285984500759,picker,64,0.8,0.4,high_low
1,0,0.1986585428030998,0.8013414571969002,picker,65,0.8,0.4,high_low
0,0,0.03973170856061995,0.9602682914393801,picker,66,0.8,0.4,high_low
1,1,0.807946341712124,0.19205365828787596,picker,67,0.8,0.4,high_low
0,1,0.9615892683424248,0.038410731657575185,picker,68,0.8,0.4,high_low
1,0,0.19231785366848492,0.807682146331515,picker,69,0.8,0.4,high_low
1,0,0.038463570733696974,0.961536429266303,picker,70,0.8,0.4,high_low
0,0,0.007692714146739393,0.9923072858532607,picker,71,0.8,0.4,high_low
0,1,0.8015385428293479,0.19846145717065208,picker,72,0.8,0.4,high_low
1,1,0.16030770856586954,0.8396922914341305,picker,73,0.8,0.4,high_low
0,0,0.8320615417131739,0.16793845828682605,picker,74,0.8,0.4,high_low
1,1,0.9664123083426348,0.0335876916573652,picker,75,0.8,0.4,high_low
0,1,0.993282461668527,0.006717538331473039,picker,76,0.8,0.4,high_low
0,1,0.19865649233370536,0.8013435076662947,picker,77,0.8,0.4,high_low
0,1,0.03973129846674106,0.9602687015332589,picker,78,0.8,0.4,high_low
0,1,0.007946259693348211,0.9920537403066518,picker,79,0.8,0.4,high_low
0,0,0.0015892519386696419,0.9984107480613303,picker,80,0.8,0.4,high_low
0,1,0.800317850387734,0.19968214961226602,picker,81,0.8,0.4,high_low
1,1,0.16006357007754676,0.8399364299224532,picker,82,0.8,0.4,high_low
1,1,0.8320127140155094,0.16798728598449061,picker,83,0.8,0.4,high_low
1,1,0.9664025428031019,0.03359745719689811,picker,84,0.8,0.4,high_low
0,1,0.9932805085606204,0.006719491439379621,picker,85,0.8,0.4,high_low
1,0,0.19865610171212406,0.801343898287876,picker,86,0.8,0.4,high_low
0,1,0.0397312203424248,0.9602687796575752,picker,87,0.8,0.4,high_low
0,1,0.007946244068484959,0.992053755931515,picker,88,0.8,0.4,high_low
1,0,0.0015892488136969914,0.998410751186303,picker,89,0.8,0.4,high_low
1,1,3.178497627393982e-4,0.9996821502372606,picker,90,0.8,0.4,high_low
1,1,0.8000635699525479,0.19993643004745207,picker,91,0.8,0.4,high_low
0,1,0.9600127139905096,0.039987286009490405,picker,92,0.8,0.4,high_low
1,1,0.19200254279810186,0.8079974572018981,picker,93,0.8,0.4,high_low
0,0,0.8384005085596204,0.16159949144037958,picker,94,0.8,0.4,high_low
1,1,0.9676801017119241,0.03231989828807591,picker,95,0.8,0.4,high_low
1,0,0.9935360203423849,0.006463979657615181,picker,96,0.8,0.4,high_low
0,1,0.19870720406847692,0.801292795931523,picker,97,0.8,0.4,high_low
0,0,0.03974144081369538,0.96025855918630465,picker,98,0.8,0.4,high_low
1,0,0.8079482881627391,0.19205171183726089,picker,99,0.8,0.4,high_low
0,1,0.1615896576325478,0.8384103423674523,picker,100,0.8,0.4,high_low
1,1,0.03231793152650955,0.9676820684734905,picker,101,0.8,0.4,high_low
1,0,0.8064635863053019,0.19353641369469804,picker,102,0.8,0.4,high_low
0,1,0.16129271726106034,0.8387072827389397,picker,103,0.8,0.4,high_low
0,0,0.03225854345221206,0.967741456547788,picker,104,0.8,0.4,high_low
1,0,0.8064517086904425,0.19354829130955756,picker,105,0.8,0.4,high_low
1,1,0.16129034173808846,0.8387096582619116,picker,106,0.8,0.4,high_low
1,0,0.8322580683476177,0.16774193165238227,picker,107,0.8,0.4,high_low
0,1,0.16645161366952352,0.8335483863304765,picker,108,0.8,0.4,high_low
1,0,0.0332903227339047,0.9667096772660952,picker,109,0.8,0.4,high_low
1,0,0.006658064546780938,0.993341935453219,picker,110,0.8,0.4,high_low
0,0,0.0013316129093561874,0.9986683870906439,picker,111,0.8,0.4,high_low
1,1,0.8002663225818712,0.19973367741812872,picker,112,0.8,0.4,high_low
1,0,0.9600532645163743,0.039946735483625734,picker,113,0.8,0.4,high_low
0,1,0.19201065290327482,0.8079893470967252,picker,114,0.8,0.4,high_low
0,1,0.038402130580654954,0.961597869419345,picker,115,0.8,0.4,high_low
0,0,0.007680426116130989,0.992319573883869,picker,116,0.8,0.4,high_low
1,0,0.8015360852232263,0.19846391477677378,picker,117,0.8,0.4,high_low
1,1,0.16030721704464523,0.8396927829553548,picker,118,0.8,0.4,high_low
1,1,0.8320614434089291,0.1679385565910709,picker,119,0.8,0.4,high_low
1,1,0.9664122886817859,0.033587711318214176,picker,120,0.8,0.4,high_low
1,1,0.5,0.5,hider,1,0.2,0.4,high_high
1,0,0.6000000000000001,0.4,hider,2,0.2,0.4,high_high
1,0,0.4800000000000001,0.52,hider,3,0.2,0.4,high_high
1,0,0.3840000000000001,0.6160000000000001,hider,4,0.2,0.4,high_high
0,1,0.30720000000000014,0.6928000000000001,hider,5,0.2,0.4,high_high
0,0,0.24576000000000012,0.75424,hider,6,0.2,0.4,high_high
0,0,0.3966080000000001,0.603392,hider,7,0.2,0.4,high_high
1,1,0.5172864000000001,0.4827136000000001,hider,8,0.2,0.4,high_high
1,0,0.6138291200000001,0.3861708800000001,hider,9,0.2,0.4,high_high
0,1,0.4910632960000001,0.5089367040000001,hider,10,0.2,0.4,high_high
1,1,0.3928506368000001,0.6071493632000001,hider,11,0.2,0.4,high_high
1,0,0.51428050944,0.48571949056000013,hider,12,0.2,0.4,high_high
0,1,0.41142440755200005,0.5885755924480001,hider,13,0.2,0.4,high_high
0,1,0.3291395260416001,0.6708604739584001,hider,14,0.2,0.4,high_high
1,1,0.2633116208332801,0.73668837916672,hider,15,0.2,0.4,high_high
1,0,0.4106492966666241,0.589350703333376,hider,16,0.2,0.4,high_high
0,1,0.3285194373332993,0.6714805626667009,hider,17,0.2,0.4,high_high
0,1,0.26281554986663946,0.7371844501333606,hider,18,0.2,0.4,high_high
0,0,0.21025243989331158,0.7897475601066886,hider,19,0.2,0.4,high_high
0,1,0.3682019519146493,0.6317980480853509,hider,20,0.2,0.4,high_high
1,1,0.2945615615317194,0.7054384384682808,hider,21,0.2,0.4,high_high
1,0,0.43564924922537557,0.5643507507746247,hider,22,0.2,0.4,high_high
1,1,0.34851939938030047,0.6514806006196998,hider,23,0.2,0.4,high_high
1,0,0.4788155195042404,0.5211844804957598,hider,24,0.2,0.4,high_high
0,1,0.3830524156033923,0.6169475843966079,hider,25,0.2,0.4,high_high
1,1,0.3064419324827139,0.6935580675172863,hider,26,0.2,0.4,high_high
1,0,0.44515354598617113,0.554846454013829,hider,27,0.2,0.4,high_high
0,1,0.3561228367889369,0.6438771632110633,hider,28,0.2,0.4,high_high
1,1,0.28489826943114954,0.7151017305688507,hider,29,0.2,0.4,high_high
1,0,0.42791861554491967,0.5720813844550806,hider,30,0.2,0.4,high_high
0,1,0.34233489243593573,0.6576651075640645,hider,31,0.2,0.4,high_high
0,1,0.2738679139487486,0.7261320860512517,hider,32,0.2,0.4,high_high
0,1,0.2190943311589989,0.7809056688410014,hider,33,0.2,0.4,high_high
0,0,0.17527546492719914,0.8247245350728012,hider,34,0.2,0.4,high_high
0,1,0.34022037194175936,0.659779628058241,hider,35,0.2,0.4,high_high
0,1,0.2721762975534075,0.7278237024465928,hider,36,0.2,0.4,high_high
1,1,0.21774103804272602,0.7822589619572742,hider,37,0.2,0.4,high_high
1,0,0.37419283043418083,0.6258071695658194,hider,38,0.2,0.4,high_high
1,0,0.2993542643473447,0.7006457356526556,hider,39,0.2,0.4,high_high
1,0,0.23948341147787577,0.7605165885221246,hider,40,0.2,0.4,high_high
0,1,0.19158672918230063,0.8084132708176996,hider,41,0.2,0.4,high_high
0,0,0.1532693833458405,0.8467306166541597,hider,42,0.2,0.4,high_high
1,1,0.32261550667667244,0.6773844933233278,hider,43,0.2,0.4,high_high
1,0,0.458092405341338,0.5419075946586623,hider,44,0.2,0.4,high_high
0,0,0.3664739242730704,0.6335260757269299,hider,45,0.2,0.4,high_high
0,0,0.49317913941845637,0.506820860581544,hider,46,0.2,0.4,high_high
1,1,0.5945433115347651,0.4054566884652352,hider,47,0.2,0.4,high_high
1,0,0.6756346492278121,0.3243653507721882,hider,48,0.2,0.4,high_high
0,1,0.5405077193822497,0.4594922806177506,hider,49,0.2,0.4,high_high
1,0,0.4324061755057998,0.5675938244942005,hider,50,0.2,0.4,high_high
0,1,0.34592494040463984,0.6540750595953604,hider,51,0.2,0.4,high_high
1,1,0.2767399523237119,0.7232600476762883,hider,52,0.2,0.4,high_high
1,0,0.42139196185896954,0.5786080381410307,hider,53,0.2,0.4,high_high
0,1,0.33711356948717563,0.6628864305128246,hider,54,0.2,0.4,high_high
1,1,0.26969085558974054,0.7303091444102596,hider,55,0.2,0.4,high_high
0,1,0.4157526844717925,0.5842473155282077,hider,56,0.2,0.4,high_high
1,1,0.332602147577434,0.6673978524225662,hider,57,0.2,0.4,high_high
1,0,0.4660817180619472,0.533918281938053,hider,58,0.2,0.4,high_high
0,1,0.3728653744495578,0.6271346255504424,hider,59,0.2,0.4,high_high
0,0,0.29829229955964626,0.701707700440354,hider,60,0.2,0.4,high_high
1,1,0.438633839647717,0.5613661603522833,hider,61,0.2,0.4,high_high
1,0,0.5509070717181737,0.4490929282818266,hider,62,0.2,0.4,high_high
1,0,0.44072565737453895,0.5592743426254614,hider,63,0.2,0.4,high_high
0,1,0.3525805258996312,0.6474194741003692,hider,64,0.2,0.4,high_high
0,1,0.28206442071970494,0.7179355792802953,hider,65,0.2,0.4,high_high
1,1,0.22565153657576398,0.7743484634242364,hider,66,0.2,0.4,high_high
0,1,0.3805212292606112,0.6194787707393892,hider,67,0.2,0.4,high_high
0,0,0.304416983408489,0.6955830165915113,hider,68,0.2,0.4,high_high
1,1,0.4435335867267912,0.5564664132732091,hider,69,0.2,0.4,high_high
0,0,0.554826869381433,0.44517313061856734,hider,70,0.2,0.4,high_high
0,0,0.6438614955051465,0.3561385044948539,hider,71,0.2,0.4,high_high
1,1,0.7150891964041173,0.2849108035958831,hider,72,0.2,0.4,high_high
1,0,0.7720713571232938,0.2279286428767065,hider,73,0.2,0.4,high_high
0,1,0.6176570856986351,0.38234291430136524,hider,74,0.2,0.4,high_high
0,0,0.4941256685589081,0.5058743314410923,hider,75,0.2,0.4,high_high
1,1,0.5953005348471265,0.40469946515287386,hider,76,0.2,0.4,high_high
1,0,0.6762404278777012,0.3237595721222991,hider,77,0.2,0.4,high_high
1,0,0.540992342302161,0.4590076576978393,hider,78,0.2,0.4,high_high
0,1,0.4327938738417288,0.5672061261582715,hider,79,0.2,0.4,high_high
1,1,0.34623509907338307,0.6537649009266172,hider,80,0.2,0.4,high_high
0,1,0.47698807925870645,0.5230119207412938,hider,81,0.2,0.4,high_high
0,0,0.3815904634069652,0.6184095365930351,hider,82,0.2,0.4,high_high
0,0,0.5052723707255722,0.4947276292744281,hider,83,0.2,0.4,high_high
1,1,0.6042178965804578,0.3957821034195425,hider,84,0.2,0.4,high_high
1,0,0.6833743172643663,0.316625682735634,hider,85,0.2,0.4,high_high
1,0,0.546699453811493,0.45330054618850724,hider,86,0.2,0.4,high_high
0,1,0.43735956304919443,0.5626404369508058,hider,87,0.2,0.4,high_high
0,0,0.34988765043935555,0.6501123495606447,hider,88,0.2,0.4,high_high
0,0,0.47991012035148445,0.5200898796485157,hider,89,0.2,0.4,high_high
0,0,0.5839280962811876,0.4160719037188126,hider,90,0.2,0.4,high_high
1,1,0.6671424770249501,0.3328575229750501,hider,91,0.2,0.4,high_high
0,1,0.73371398161996,0.2662860183800401,hider,92,0.2,0.4,high_high
0,0,0.586971185295968,0.41302881470403213,hider,93,0.2,0.4,high_high
0,0,0.6695769482367744,0.33042305176322573,hider,94,0.2,0.4,high_high
0,0,0.7356615585894195,0.2643384414105806,hider,95,0.2,0.4,high_high
0,0,0.7885292468715357,0.2114707531284645,hider,96,0.2,0.4,high_high
1,1,0.8308233974972286,0.1691766025027716,hider,97,0.2,0.4,high_high
1,1,0.8646587179977829,0.1353412820022173,hider,98,0.2,0.4,high_high
0,1,0.8917269743982263,0.10827302560177383,hider,99,0.2,0.4,high_high
0,1,0.7133815795185812,0.28661842048141906,hider,100,0.2,0.4,high_high
0,1,0.570705263614865,0.42929473638513527,hider,101,0.2,0.4,high_high
0,0,0.456564210891892,0.5434357891081083,hider,102,0.2,0.4,high_high
1,1,0.5652513687135137,0.43474863128648666,hider,103,0.2,0.4,high_high
0,0,0.652201094970811,0.34779890502918936,hider,104,0.2,0.4,high_high
0,1,0.721760875976649,0.2782391240233515,hider,105,0.2,0.4,high_high
1,1,0.5774087007813192,0.4225912992186812,hider,106,0.2,0.4,high_high
0,1,0.6619269606250554,0.338073039374945,hider,107,0.2,0.4,high_high
1,1,0.5295415685000443,0.47045843149995603,hider,108,0.2,0.4,high_high
0,1,0.6236332548000354,0.3763667451999648,hider,109,0.2,0.4,high_high
1,1,0.49890660384002833,0.501093396159972,hider,110,0.2,0.4,high_high
0,0,0.5991252830720226,0.4008747169279776,hider,111,0.2,0.4,high_high
1,1,0.6793002264576181,0.3206997735423821,hider,112,0.2,0.4,high_high
1,0,0.7434401811660944,0.2565598188339057,hider,113,0.2,0.4,high_high
1,0,0.5947521449328755,0.4052478550671246,hider,114,0.2,0.4,high_high
0,1,0.47580171594630044,0.5241982840536996,hider,115,0.2,0.4,high_high
1,1,0.38064137275704035,0.6193586272429596,hider,116,0.2,0.4,high_high
1,1,0.5045130982056323,0.4954869017943677,hider,117,0.2,0.4,high_high
0,1,0.6036104785645058,0.3963895214354942,hider,118,0.2,0.4,high_high
1,0,0.4828883828516046,0.5171116171483954,hider,119,0.2,0.4,high_high
1,0,0.3863107062812837,0.6136892937187164,hider,120,0.2,0.4,high_high
0,0,0.5,0.5,picker,1,0.8,2,high_high
1,1,0.9,0.09999999999999998,picker,2,0.8,2,high_high
1,1,0.98,0.01999999999999999,picker,3,0.8,2,high_high
1,1,0.996,0.0039999999999999975,picker,4,0.8,2,high_high
1,0,0.9992,7.999999999999993e-4,picker,5,0.8,2,high_high
0,1,0.19983999999999996,0.8001600000000001,picker,6,0.8,2,high_high
0,1,0.03996799999999998,0.960032,picker,7,0.8,2,high_high
0,0,0.007993599999999995,0.9920064,picker,8,0.8,2,high_high
1,1,0.8015987200000001,0.19840127999999996,picker,9,0.8,2,high_high
1,0,0.960319744,0.03968025599999998,picker,10,0.8,2,high_high
0,0,0.19206394879999994,0.8079360512,picker,11,0.8,2,high_high
1,1,0.83841278976,0.16158721023999997,picker,12,0.8,2,high_high
1,0,0.967682557952,0.03231744204799999,picker,13,0.8,2,high_high
1,0,0.19353651159039995,0.8064634884096,picker,14,0.8,2,high_high
0,0,0.03870730231807998,0.96129269768192,picker,15,0.8,2,high_high
1,1,0.8077414604636161,0.19225853953638397,picker,16,0.8,2,high_high
1,0,0.9615482920927232,0.03845170790727678,picker,17,0.8,2,high_high
1,0,0.19230965841854458,0.8076903415814554,picker,18,0.8,2,high_high
0,1,0.03846193168370891,0.9615380683162911,picker,19,0.8,2,high_high
1,0,0.007692386336741779,0.9923076136632583,picker,20,0.8,2,high_high
0,0,0.0015384772673483556,0.9984615227326517,picker,21,0.8,2,high_high
1,1,0.8003076954534697,0.19969230454653028,picker,22,0.8,2,high_high
0,0,0.9600615390906939,0.03993846090930605,picker,23,0.8,2,high_high
1,1,0.9920123078181388,0.007987692181861208,picker,24,0.8,2,high_high
1,0,0.9984024615636278,0.0015975384363722412,picker,25,0.8,2,high_high
0,0,0.1996804923127255,0.8003195076872744,picker,26,0.8,2,high_high
1,1,0.8399360984625451,0.16006390153745487,picker,27,0.8,2,high_high
1,0,0.967987219692509,0.03201278030749097,picker,28,0.8,2,high_high
0,0,0.19359744393850176,0.8064025560614982,picker,29,0.8,2,high_high
1,1,0.8387194887877004,0.1612805112122996,picker,30,0.8,2,high_high
1,0,0.9677438977575401,0.032256102242459915,picker,31,0.8,2,high_high
1,0,0.19354877955150798,0.806451220448492,picker,32,0.8,2,high_high
1,0,0.03870975591030159,0.9612902440896984,picker,33,0.8,2,high_high
0,1,0.007741951182060316,0.9922580488179397,picker,34,0.8,2,high_high
1,0,0.0015483902364120629,0.9984516097635879,picker,35,0.8,2,high_high
1,0,3.096780472824125e-4,0.9996903219527176,picker,36,0.8,2,high_high
0,0,6.193560945648248e-5,0.9999380643905436,picker,37,0.8,2,high_high
1,1,0.8000123871218914,0.19998761287810868,picker,38,0.8,2,high_high
1,1,0.9600024774243783,0.039997522575621725,picker,39,0.8,2,high_high
1,1,0.9920004954848757,0.007999504515124344,picker,40,0.8,2,high_high
1,0,0.9984000990969751,0.0015999009030248684,picker,41,0.8,2,high_high
0,1,0.19968001981939498,0.800319980180605,picker,42,0.8,2,high_high
0,0,0.03993600396387899,0.960063996036121,picker,43,0.8,2,high_high
1,1,0.8079872007927759,0.19201279920722417,picker,44,0.8,2,high_high
0,1,0.9615974401585552,0.038402559841444826,picker,45,0.8,2,high_high
0,1,0.192319488031711,0.807680511968289,picker,46,0.8,2,high_high
0,0,0.038463897606342196,0.9615361023936578,picker,47,0.8,2,high_high
1,1,0.8076927795212685,0.19230722047873153,picker,48,0.8,2,high_high
1,0,0.9615385559042537,0.0384614440957463,picker,49,0.8,2,high_high
1,1,0.19230771118085072,0.8076922888191493,picker,50,0.8,2,high_high
1,0,0.8384615422361702,0.16153845776382983,picker,51,0.8,2,high_high
0,0,0.167692308447234,0.832307691552766,picker,52,0.8,2,high_high
1,1,0.8335384616894468,0.16646153831055316,picker,53,0.8,2,high_high
1,0,0.9667076923378893,0.03329230766211062,picker,54,0.8,2,high_high
0,0,0.19334153846757782,0.8066584615324222,picker,55,0.8,2,high_high
1,0,0.8386683076935156,0.1613316923064844,picker,56,0.8,2,high_high
0,0,0.1677336615387031,0.8322663384612969,picker,57,0.8,2,high_high
1,1,0.8335467323077407,0.16645326769225935,picker,58,0.8,2,high_high
1,0,0.9667093464615482,0.03329065353845186,picker,59,0.8,2,high_high
0,1,0.1933418692923096,0.8066581307076904,picker,60,0.8,2,high_high
0,0,0.03866837385846191,0.9613316261415381,picker,61,0.8,2,high_high
1,1,0.8077336747716924,0.19226632522830758,picker,62,0.8,2,high_high
1,1,0.9615467349543385,0.03845326504566151,picker,63,0.8,2,high_high
1,0,0.9923093469908677,0.0076906530091323,picker,64,0.8,2,high_high
1,0,0.1984618693981735,0.8015381306018265,picker,65,0.8,2,high_high
0,0,0.039692373879634694,0.9603076261203654,picker,66,0.8,2,high_high
1,0,0.807938474775927,0.19206152522407302,picker,67,0.8,2,high_high
0,1,0.16158769495518535,0.8384123050448147,picker,68,0.8,2,high_high
0,0,0.032317538991037065,0.9676824610089629,picker,69,0.8,2,high_high
0,1,0.8064635077982074,0.19353649220179253,picker,70,0.8,2,high_high
0,1,0.16129270155964145,0.8387072984403585,picker,71,0.8,2,high_high
0,0,0.032258540311928284,0.9677414596880717,picker,72,0.8,2,high_high
1,1,0.8064517080623858,0.1935482919376143,picker,73,0.8,2,high_high
1,0,0.9612903416124772,0.038709658387522855,picker,74,0.8,2,high_high
0,1,0.1922580683224954,0.8077419316775046,picker,75,0.8,2,high_high
0,0,0.03845161366449907,0.961548386335501,picker,76,0.8,2,high_high
1,1,0.8076903227328999,0.19230967726710016,picker,77,0.8,2,high_high
1,1,0.96153806454658,0.038461935453420026,picker,78,0.8,2,high_high
1,0,0.992307612909316,0.007692387090684004,picker,79,0.8,2,high_high
0,0,0.19846152258186317,0.8015384774181369,picker,80,0.8,2,high_high
1,0,0.8396923045163727,0.16030769548362733,picker,81,0.8,2,high_high
0,1,0.1679384609032745,0.8320615390967255,picker,82,0.8,2,high_high
0,1,0.03358769218065489,0.9664123078193452,picker,83,0.8,2,high_high
0,0,0.006717538436130976,0.993282461563869,picker,84,0.8,2,high_high
1,1,0.8013435076872263,0.19865649231277377,picker,85,0.8,2,high_high
1,1,0.9602687015374453,0.03973129846255474,picker,86,0.8,2,high_high
1,0,0.992053740307489,0.007946259692510947,picker,87,0.8,2,high_high
0,1,0.19841074806149778,0.8015892519385023,picker,88,0.8,2,high_high
0,1,0.039682149612299544,0.9603178503877005,picker,89,0.8,2,high_high
0,1,0.007936429922459907,0.9920635700775401,picker,90,0.8,2,high_high
0,0,0.0015872859844919811,0.998412714015508,picker,91,0.8,2,high_high
1,0,0.8003174571968984,0.19968254280310155,picker,92,0.8,2,high_high
0,1,0.16006349143937965,0.8399365085606203,picker,93,0.8,2,high_high
0,1,0.032012698287875924,0.9679873017121241,picker,94,0.8,2,high_high
0,1,0.006402539657575183,0.9935974603424248,picker,95,0.8,2,high_high
0,1,0.0012805079315150363,0.998719492068485,picker,96,0.8,2,high_high
0,0,2.561015863030072e-4,0.999743898413697,picker,97,0.8,2,high_high
0,0,0.8000512203172606,0.19994877968273936,picker,98,0.8,2,high_high
1,0,0.9600102440634521,0.03998975593654786,picker,99,0.8,2,high_high
1,0,0.1920020488126904,0.8079979511873097,picker,100,0.8,2,high_high
1,0,0.03840040976253807,0.9615995902374619,picker,101,0.8,2,high_high
0,1,0.007680081952507613,0.9923199180474924,picker,102,0.8,2,high_high
0,0,0.0015360163905015223,0.9984639836094985,picker,103,0.8,2,high_high
0,1,0.8003072032781003,0.19969279672189966,picker,104,0.8,2,high_high
1,0,0.16006144065562003,0.83993855934438,picker,105,0.8,2,high_high
0,0,0.032012288131124,0.967987711868876,picker,106,0.8,2,high_high
1,0,0.8064024576262249,0.19359754237377516,picker,107,0.8,2,high_high
0,0,0.16128049152524493,0.8387195084747551,picker,108,0.8,2,high_high
1,0,0.832256098305049,0.167743901694951,picker,109,0.8,2,high_high
0,0,0.16645121966100976,0.8335487803389903,picker,110,0.8,2,high_high
0,1,0.833290243932202,0.166709756067798,picker,111,0.8,2,high_high
0,0,0.16665804878644036,0.8333419512135596,picker,112,0.8,2,high_high
1,1,0.8333316097572881,0.16666839024271188,picker,113,0.8,2,high_high
1,1,0.9666663219514576,0.03333367804854237,picker,114,0.8,2,high_high
1,0,0.9933332643902915,0.006666735609708472,picker,115,0.8,2,high_high
0,0,0.19866665287805824,0.8013333471219417,picker,116,0.8,2,high_high
0,0,0.8397333305756117,0.1602666694243883,picker,117,0.8,2,high_high
1,0,0.9679466661151224,0.032053333884877654,picker,118,0.8,2,high_high
1,1,0.19358933322302443,0.8064106667769756,picker,119,0.8,2,high_high
1,1,0.8387178666446049,0.1612821333553951,picker,120,0.8,2,high_high
